113.80484659339727,26.993672071561456,48
116.33929505188216,40.05429664309948,1
119.49083983903813,25.557191251264054,3
117.48071598880841,30.657249913464195,2
120.64358941314107,31.388434515498513,19
113.50253732496883,23.55302788293785,2142
116.75903538237549,23.636745593291813,3
111.29396726158028,22.90547240525687,5
114.70744627290641,23.749684370959752,1
120.292032684137,29.689050550258223,19
116.30442831164842,39.9968239563663,3
116.80590276556264,26.66259858310817,1
116.0890980875015,28.40612993493187,10
118.84551243207683,25.037946846027232,1
114.4235636759064,27.820856421848216,8
118.58980698399898,24.870081889372624,2
118.39845533415975,24.68363743001192,2
119.30753592859904,26.108382782299994,8
110.00237012517799,27.903294445394124,1
114.09023924195904,22.548353582448062,7
106.52903297536699,29.596118991916423,16
113.25488491629363,23.17147403293891,90
119.99913536516425,30.282842419665545,1
113.4548472735959,23.600464715773814,8
119.99909096229119,30.283253310222843,2
117.29766890385406,31.90598110983339,1
114.92042786179107,24.491220095508538,1
106.67485760367006,29.040985947178285,169
119.99893816052393,30.28346717276843,1
114.38583726992468,28.09592267252574,2
123.40759803340828,41.92384787293152,6
116.30261631902407,39.97863770715269,1
119.99955977925923,30.282646659168183,27
116.36496851799956,28.587388174574016,1
113.21349766035446,36.10436502594709,3
105.72575525301072,28.58171567111983,1
116.66879709053653,26.26859060296662,6
114.04452923559059,29.00461671124323,5
115.8965619320172,28.647792922215846,4
112.42586895869997,32.250014035469995,28
116.04763645280234,39.6989200069883,2
118.29781924587677,24.696677312573513,1
116.4728845795264,39.964756010685576,3
117.74916972363111,26.935934182296013,1
118.68244626680422,24.879952330498313,5
118.80626000102889,32.585628689806335,6
120.53926793663962,31.372030894977897,9
118.49956491927688,26.318582606900055,1
103.70679377879624,30.293410442531574,7
121.32267945324698,31.202671966242587,55
121.32123578646191,31.20335179770963,25
121.27224489886423,31.204294318271064,117
118.49930135644033,24.824156108517272,2
120.62184220974538,31.340090146793585,12
118.45524791526225,24.734742000786525,1
118.69845425064784,25.36829149810406,21
119.02517371367416,25.02890705523336,1
117.0476026426085,28.895861498280645,5
116.45947296809298,39.918238778491286,8
116.9044106041375,31.916947038022037,1
113.93930127903376,22.513636461897224,4
112.32797322697881,28.61734812774267,1
119.99936359801347,30.28274722676391,23
121.52902633736639,31.236085817705582,16
118.43988994528544,24.815250665152398,36
119.56789265169068,25.958664668310632,2
119.09726201218167,25.462036983101026,4
121.29420496519171,31.124126210775763,49
121.01259678781864,30.713233561895485,35
120.7047830454866,28.057509847470918,13
121.33741283140779,31.769668405932034,2
115.69308800864701,23.3163970211004,3
116.43225609220224,25.061170552591687,1
102.74169951261605,25.044905946471445,33
121.44980603206915,31.111417867887166,1
103.96144272984826,30.992700798762975,15
114.09967225828565,26.738402612241536,1
119.30249894994515,25.77552329168881,1
117.78471576247975,26.052648887215746,1
116.65573312333979,23.275899596317405,3
113.61504642162264,34.71871621647526,9
115.83544537269613,37.79494222462491,83
119.72605324829718,30.238587361499604,60
120.55582433600237,31.529949779965374,24
116.45915397980639,39.918450930843264,18
116.30441627435458,39.99650709684127,6
119.18937857101083,29.73825249378929,11
118.05816741556245,24.50469266185343,22
116.93765527411186,38.92807215168384,2
113.67941125440016,22.936363069196307,6
114.05284727511857,22.67536584291473,4
119.65730350219367,30.25775717898539,1
120.98091409146501,32.46632876637096,64
118.51801871953171,25.181876791987122,1
99.6360635113191,25.71445006389559,38
119.18233361005116,25.4971149562029,7
107.39505796638836,26.551641183187677,6
118.01864125449207,24.3232527220581,4
113.40381193250495,23.12350792506901,2
104.1020185591047,30.71675625447247,13
105.4307469745275,30.281806392596334,4
116.4563647411979,39.95485847851254,2
117.3186668691381,24.37252557343427,3
120.26858216613182,31.55017711603197,20
118.71120093633857,25.37382994177343,1
118.39627838058759,25.634507889971054,1
118.60076119087569,24.860091475763518,34
120.99022035688728,31.406936108474486,11
120.18999532908947,29.29583413343661,1
118.7703220314745,31.861391322644995,2
118.18524099431754,26.630993962937794,1
113.25892540464562,23.118427636100925,23
118.57078433541828,24.78775823055648,1
117.65357645298785,24.51892979117087,19
118.39257197205464,24.966362350467605,31
103.78851649375262,30.49846508156504,2
116.57646603194873,39.80960717760818,8
118.47825208207638,24.790637480620223,1
118.02877863216882,24.564070776070768,1
119.73920891584896,25.45591287464901,10
118.30868622728849,24.91774387945504,7
121.4633455622072,31.25485999724299,5
113.31307382348038,23.15190779225858,36
104.05033697701302,30.646463049948384,5
118.07087969615216,24.391566475498443,3
104.05875616574417,30.53379689513604,1
116.4184557839792,23.572485187047057,3
121.4281223743471,31.217791645361423,28
117.27814306579754,31.734784837947544,8
119.57741600880578,25.953836468370813,8
121.46474169141896,29.38648236009201,1
113.36483436660932,23.093799591655205,3
118.72998622763492,32.14488794045338,9
117.63592699548639,24.544807004878315,1
120.9646616616402,28.12374998809741,3
116.37613526395985,23.562893001068737,2
119.06124481209321,25.158232696684138,2
116.55134671497322,39.88339405915274,48
118.20077566098811,25.204508830842517,1
118.60525307774628,24.578810352449153,1
114.04373800809765,22.55456347825248,1
117.12157380524144,36.6846283309896,24
118.990247146305,29.435406373756646,23
116.69167783017362,23.360420350971488,5
118.44034358956783,24.709898244173765,1
106.57878751246226,29.492611712879384,8
116.42644288775742,25.055570401525458,4
120.58083316140015,31.044469218785032,1
117.37000368155813,25.99415413944245,1
119.83321344336781,27.32985583380437,5
103.9891108988778,30.825007754611995,15
116.28918433663576,39.876976013658904,3
118.19743971364737,26.176218039460192,15
117.90683635414612,24.53195902096944,5
121.4243322437394,31.138152107369,5
118.31771868918833,27.036880906528896,16
116.40519411528028,39.86146018546422,2
121.38725879883417,28.404632325492102,1
121.43588894412527,31.00143540013949,21
118.54261513286174,24.86482528929057,8
118.40651187695387,24.710326290544643,23
119.08969001537947,25.20791396414715,7
118.73932274964133,25.338531825355748,1
118.83565397826082,25.352313962457096,1
112.97137610421619,22.9382520940656,6
118.75321360705973,25.42891097551205,1
118.9163359164267,25.182934101812542,4
117.09057560191953,27.454898088097583,1
119.03928663221457,25.465861730192255,2
119.08785765180082,25.499922879798184,2
118.15578250241636,24.48308545747167,6
113.1836067995253,23.35073658793037,1
120.05619363847451,30.287295957744398,1
113.80817150626288,36.06504316212068,19
113.70048595081005,22.958748583313387,17
117.57098202239185,26.198799995571132,2
116.45843326929574,39.918348140448316,1
116.3680720892332,39.762634888673496,8
118.80341550029883,25.03694981503913,42
97.3911088501482,37.321127677461426,18
116.7089249366373,23.298155633118444,2
116.81023665616841,39.712934105054146,6
118.83438610537293,27.383132971937954,4
116.64989038026505,39.92649715148538,9
117.79345959881933,26.399934250309386,2
118.38152326343831,24.977696399959893,5
116.7179026917316,25.044925424288433,1
120.10007559314528,30.318121183584246,5
113.65843278114355,34.525841315429375,9
120.21999388226307,27.32903882112055,3
117.66330393386052,26.29063948372702,2
120.55141121361338,27.688608733189785,2
119.30346983854001,26.080429420698078,4
117.42620850136565,25.304784054773517,1
118.60771533314833,24.827719990272623,4
113.19430076729584,23.321453105990475,11
116.5564219614435,39.923106771463644,8
121.34602282022927,30.916641193687635,1
116.47279555745035,39.964561422633885,5
114.69969560313834,29.176649978646292,1
117.18170375519637,23.717488539905638,1
118.33232693338678,27.0414489354995,4
119.09543791301371,25.353626988896334,29
116.36553599311743,39.85721601700822,1
121.31237328396156,31.310687108202963,6
117.43740309479675,25.300963047340765,1
112.99756458440103,23.457060488880263,2
118.93528917454492,25.175159625170355,1
116.74580030363217,30.695009576977743,2
120.29850400402478,30.41874892194229,1
120.018882771875,27.836148801017437,14
105.61275211492084,34.314964958628536,1
118.42202615208937,24.749270228205322,4
119.79650131413707,25.504700273944916,9
118.08558037598753,27.447559805820855,1
121.44450028040501,31.053324476366836,2
120.72742979350669,31.01277173361592,10
119.28304283689377,34.13101860587206,1
120.42755358545216,30.78181717901268,1
121.46556258020581,31.274712649552754,2
118.3365093540093,27.035501410921587,1
121.39256375920958,31.24396377394224,1
117.63798159984812,26.253384547458015,3
118.95202882822616,25.124416534118648,1
113.85013538431225,22.77193803692375,1
118.43551510762273,24.716192164892476,1
117.01824657327842,39.14248070468141,1
118.47878675351575,25.151122545926036,1
117.17123958976876,40.58353245679436,2
116.71131498391797,40.041986833076386,16
119.99898020122181,30.283138543106674,3
119.0012367464188,24.958781980696404,7
118.90875098402516,25.20618791204392,5
118.74763629764179,24.938148261450095,1
121.22963618528915,29.05499938817013,1
121.88487163253059,29.480936218046438,1
103.98650239933791,30.340332662297765,6
114.9652621999487,24.03908301669912,1
121.61565531779905,49.09742349545162,2
119.29056684769061,25.48600890303093,1
118.11369868589881,24.673585864967574,1
117.71985855383353,24.054593627605776,20
118.82792666443599,25.137283214678423,5
118.247550069555,25.49730859417917,9
119.99931041832728,30.283647821150442,1
118.69692120246502,25.365857237533348,1
118.16929319694307,24.518963407310224,1
119.80742021760724,29.84813707499729,2
117.37731175620158,25.98886593738571,1
119.27617195105071,25.972414578916858,1
118.49160406224924,36.700090200952566,1
117.9908398667646,26.62625882942402,2
113.76928008785279,34.40175074193696,13
116.41556496256243,39.920300647163465,1
119.322560178079,26.088987312504003,13
113.71884920186952,23.543458196606558,2
121.33592631544988,31.256437455269108,2
120.51360280923623,31.37051620711283,18
118.22022684985035,26.625344107988692,1
118.26991266657413,25.504144831643988,1
120.32437717898426,30.09437974749924,2
118.90989003541142,24.92542756449552,2
113.70597434263142,34.72617770194718,1
118.94115996037287,25.163034047718867,8
120.54574885157191,31.28242972735277,8
116.01068492514106,35.11726497502166,1
104.27343779787681,30.575321612135077,4
118.56190857927646,25.144365805653596,3
118.0426904201056,24.636850832467854,1
118.32616132369051,27.04076348169123,1
116.46351974458487,39.937823520114414,1
116.1360536997413,40.24052322290235,5
121.4650401257212,31.225830019056502,2
118.77131410375762,27.35776227200726,1
121.33701003121712,30.73840136922512,2
118.49425557439245,24.819995888001326,1
119.34878083411395,32.697449743705285,1
116.36523164721063,39.85726731997334,8
118.34954107203824,27.0477643876228,1
118.3355779010263,27.048891238685155,2
118.26883793386233,25.279001878069966,1
116.4170163547749,39.99071319803838,15
117.99678664923869,24.613549111091892,5
118.1113296746087,25.435882151229062,1
116.11425514874452,39.74251820664235,3
116.35038130967246,39.73224595336576,1
118.26405975702579,26.23743874051594,1
117.18499559573661,23.717519805508438,3
118.56727721232451,24.691081444526198,3
121.50758701874305,31.255366191297888,2
118.46572054055522,24.66628946522217,9
118.67741629493332,24.946213653759614,5
113.32010764545174,23.329900691904754,19
118.00184295752895,32.78568883673627,1
112.9740302376751,28.56311983092013,6
121.12290430274693,31.448287581408245,1
116.80178746403321,30.926135754001958,43
120.93251060584033,30.83712219382042,2
117.62670397514046,24.125552466914222,3
116.29837116693267,39.964826032558236,3
116.32829619921799,39.95986687718812,2
119.10790657314918,25.254415857181726,1
113.34069213654499,23.044373172366306,1
117.90602985545952,24.52822056776708,1
121.56589899380391,31.165272866068293,2
118.28349684249152,26.305888457483725,8
107.59130250667774,29.652038734956424,2
120.45837624411051,41.567773620255736,2
114.99633702802856,35.804963883185884,5
121.44239123872869,31.191175704570636,3
117.91608872123473,24.180630428067975,8
117.86934458556351,24.642133122132762,1
116.66042551200016,26.267956490540477,3
117.31946510341402,24.371128568021852,1
118.61409896159178,24.77089599993267,1
104.31932584841246,30.10399894996804,1
103.55052545058598,30.36489449900345,2
119.35304713995822,26.079516085088184,4
119.30004648607317,25.761609610607184,2
113.25930377092631,23.223089464465126,1
103.99389141131024,30.66160075721146,12
119.56254932211222,26.498804327147663,3
116.40493297786853,39.86103275513419,1
113.9302432154269,22.511937062589116,1
120.99293528857412,29.178080133416408,1
114.10698545327054,22.724476895901997,1
118.48922901608248,24.731849047526673,1
117.68412602676108,24.017664476054144,1
118.16639858709922,26.44201435130965,1
117.91725579975291,26.430704267959367,2
118.70315777829653,25.08721256720588,2
113.60943621960419,23.13319949424513,1
119.27778162469352,29.25564827956975,3
118.84538334557507,25.257262577626097,1
104.6834886614747,30.526888013420276,4
118.92090191350185,25.182479101674705,13
120.66329194789141,31.316031880203788,2
120.31105055534307,22.75598839115331,2
131.01760438033668,45.34291706998122,1
119.99895513849808,30.283343361771355,1
114.26143022124452,23.733838340061837,1
118.48550958211965,25.039937855231628,3
119.91816935618861,30.245418665001875,1
118.49650556020255,25.058028457494572,4
113.04662104828473,29.427497600632964,3
118.48046353058012,25.123322234663647,10
118.61583924885568,24.658960287295514,1
119.79287090225024,25.470443468235267,9
114.23058779987512,22.700639552902693,7
118.48740752200051,25.09904030549673,2
114.02319699499107,22.735233112498534,2
118.42075819386245,24.968878389677172,1
113.48453357577434,23.367175445355628,1
104.08397537429241,30.50663413674434,2
117.14230229471472,39.2291759144162,3
112.0995044019545,26.798518438010266,1
117.36997089340701,24.51918409005295,1
124.83596091679625,46.04440334161861,1
104.44080711608773,30.862368642424798,1
118.75066035330958,24.962185433646297,1
104.69082566155801,31.474739502487843,1
118.09514768898784,28.801566763377966,2
113.16761040382275,23.38058350093433,2
118.08518197749399,24.46005998833999,1
116.85178643007417,40.158151543274066,2
108.94646555063274,34.34726881662395,1
118.25134073914475,25.497187193396428,2
116.34609639238985,40.00545687538888,1
117.78209603412186,26.402182501830175,1
106.6386440339972,29.73741901267928,1
116.85250622659105,26.83682465534918,2
87.59259572367614,43.82404424609388,1
107.38438043760863,29.7210881611583,1
117.64168091176754,24.55481382471813,5
117.97851978636042,27.648401216082984,1
121.48931512534789,31.244959837140833,1
116.40352944979978,29.52339246749656,1
118.23596210814122,25.490273340546285,2
116.85568103361267,40.38001390025703,4
116.1304853733766,39.731691334841905,1
113.57278661243691,23.198775263996463,9
103.92007845603031,30.612552113180207,1
118.30250301080424,25.19165757566683,1
118.48359888630056,25.138218168944746,1
121.32242065142955,31.20256795251954,6
121.30414139192922,30.778583031394895,4
118.45703994492352,24.78525321853177,1
117.82892345872465,35.29420612486949,1
121.50653118981424,28.441164556865548,1
118.17517368447055,26.637327268355744,1
117.97881910175624,25.112806395110898,2
118.7314333978115,32.14438005099454,1
104.15197126241192,30.609194821105916,1
119.16491752539518,26.151891069467574,4
118.69996025983482,24.963498945467315,20
119.26344116536752,26.073780192258692,6
119.71992249285267,34.0393866693899,1
118.89139383513654,26.403122320947357,4
117.93413549926312,26.451286967110956,2
120.25802625110141,27.10589219843609,1
118.43909260931504,24.84503009764981,12
118.43366109488132,24.711273633280086,1
114.05667199048715,22.564748029717542,1
120.52659464250486,31.845187234496017,3
118.16128264739103,24.658203011520293,2
117.95992234705459,27.81223915390793,1
116.29662419269994,39.818164707672686,5
113.85212396321903,23.186064325620066,1
121.22853999047948,51.117088658009926,7
120.10563357223373,29.8921638719383,3
117.16061038982194,35.87276117306636,2
117.47988863353822,23.695568494802437,1
117.61412206652768,24.145891178461262,2
118.79839118775264,25.016327311528425,1
119.014274213603,24.9539431285512,1
118.12505497432166,24.55077802985731,1
118.75257823557276,26.583261752072914,1
118.38836898023594,25.012745524733255,2
116.36550913378268,39.85721657088659,1
118.57117210160938,31.764340358649278,2
114.38287735327027,22.75124080924703,2
119.53620660287136,26.199919373560498,8
116.2786508960563,39.889162592272136,3
118.43385081700495,26.290409744520222,1
121.42317705035784,25.05618891292701,1
118.15453439674121,26.16809641813582,1
118.14710487119284,26.17721126519612,1
120.54028311169644,31.37279605309876,2
118.19301097765408,26.17633646827803,2
122.00555881548564,41.56367006371503,1
120.93368001995321,31.126938126535382,3
117.86844502242613,29.254039048096878,3
115.66258667387964,23.31040249468841,1
116.40535302552499,39.86145236241943,1
121.14501149441072,28.858336612047182,1
100.83141494818244,31.231419107462745,17
117.17679568338313,23.722297067451372,4
118.48811484775884,24.722323457238907,8
118.48286119781599,24.72299352442274,2
118.90275928627558,24.934022474371073,8
118.29176475657208,25.0072457149008,2
118.70173010135,24.794386280772656,5
118.60462183846464,24.823599655129758,2
118.47695097637616,24.77471200421423,1
118.54685621283404,25.129197148862904,1
118.50445484531882,25.1039781612824,1
118.40830633204,24.697489012427656,1
116.42010058136742,25.06006749812032,1
118.58516750553312,24.87184256259406,9
118.56265093894966,24.81222185520447,1
105.90100182425137,31.00306076341966,14
121.48819197396877,31.251252889718756,2
118.48865419038684,24.655230183012897,7
118.64462330926045,31.7896851289583,1
117.68493692714468,24.469185618161124,3
117.15079503888036,23.745475994084707,1
117.81874420400034,25.29052486736486,1
121.26578401614482,31.784813975493126,9
117.8502431070362,24.55975280287514,3
118.5543861689384,24.67130518099295,12
116.39264370933928,39.89087747284076,1
117.44061229123008,25.280260492599705,1
119.39366635917278,29.5493686731425,1
113.17246673323864,24.73149286964414,1
118.56051710404196,24.940115022037222,1
110.89224306137871,21.947774085197764,1
119.5398601012098,26.215975885133155,5
118.00379495933358,24.608719048932954,1
118.61125519583977,24.902746224573928,3
118.17197472872002,26.670193071597836,2
118.16133474911061,26.666889165066088,1
112.14060970841214,34.73438332734371,1
119.98492700327017,28.864583051283407,4
118.10343491663684,24.582019062249607,3
118.08344294785779,24.37876257568666,1
118.15483245450933,24.52252247486728,3
117.34048158962685,27.547272859205247,2
121.3225283582602,31.20342260676884,2
117.0179742070478,39.14186340800589,1
116.12704504293448,39.89966426832542,1
120.66066260766371,31.14286797011143,1
117.36721300566175,25.96116702604844,2
118.46956726440878,24.834251195009085,2
117.89867012824926,24.073621455588977,2
117.68161840693081,24.52456566873491,1
118.92463203730026,24.899876572334204,2
118.28293953375331,26.578379467539,1
116.24708614721614,40.230565859019734,1
118.93927980694113,24.883312256922682,1
118.12570103564423,26.56153920599698,2
113.14947163931015,23.062122303867763,1
116.3025625311042,39.97828455985782,2
110.88913287193093,38.66185404949977,1
116.87014932181748,40.48447957943683,1
115.98722494270115,28.053257608859912,2
118.75963614650465,24.748806775209598,1
116.30228980555137,39.97892542804086,3
121.50288968940083,31.255324207934255,1
118.6518480947029,27.42765338132192,2
117.37334501873192,24.53471695076726,2
121.0136606510341,30.844243245120015,1
119.12725095348632,25.23654782732723,1
118.4283290228675,24.643086982792497,8
106.58148916628262,29.520151253627375,4
118.6094010932678,24.888160713708157,1
118.32338412237678,24.64656185696218,4
118.95020742397473,25.16873068245836,1
119.08018549393428,25.509996778637802,3
119.45694409378993,32.18218046454147,1
112.99470177457222,23.18404717875717,4
116.3957699921751,39.93206209013744,4
118.33072390720474,27.042320769355474,3
117.52771387989034,24.67844565062258,1
116.75442671578863,25.49772489437674,1
117.44816865751642,26.09029433279675,1
113.86764874852899,22.60922471927811,6
121.52969126310488,31.235961694177597,2
117.0176964509841,39.14204235744519,1
118.84580644747012,24.903324276443563,2
120.62183833930627,31.340112790967734,1
115.9903869934987,40.44854803045627,1
119.04187896225439,29.608518985450832,3
117.6321812411721,24.12598779830222,5
118.18410050564245,25.063053168436642,3
118.61102642160884,24.92629616118672,1
118.58520819877272,24.63382198027438,5
118.48360993545833,24.651756209600304,1
116.30354276207667,39.99806871768617,5
114.03814542748603,22.915335873182695,2
114.30408492575991,30.599458188074514,5
119.9997460852708,30.282676879652342,2
118.47415302420517,24.772786054019022,1
103.55594770117877,27.199641753016387,1
115.28117236794623,31.613010474157083,3
116.69743203158347,39.951488043819154,1
117.4649216061192,25.284317880602263,1
120.63717200840834,31.24907989874938,1
105.98720320888972,29.748879764048976,1
118.18520506209715,26.661000086143346,1
121.68339464230843,29.988706638961215,1
121.43081324850225,31.41999915019149,1
102.85388780975353,24.929642604594893,2
105.07216487264914,24.05846285867434,6
113.62769239264689,22.835913122737562,1
121.33780404345738,31.28736290970641,1
121.27629776668401,28.322412369158616,1
118.8619160296669,25.25223671633464,5
114.09087191852953,22.538047802633056,2
106.71235431293297,26.65766176646135,1
98.34749375431498,24.21092074141282,7
116.54076144216586,39.86602294429586,2
116.25198225607782,29.730453436819513,1
116.34437595767713,39.72677510670957,3
117.37021136979196,25.976381354729412,1
115.9942831087518,26.4163923039227,2
115.06033644476473,40.605118930321865,6
123.44998790262697,41.820087098247434,1
116.44055005714256,25.076341606009226,1
117.48007792240467,36.73755828494881,1
118.46133195881823,26.55044614576019,2
117.44229032592217,26.047722439564517,1
117.78490539477284,26.36809914625467,1
117.47740904083985,26.735209519833294,1
113.47011253844413,22.90566806881622,2
115.03684800144258,31.805796562504447,1
113.37433529483246,22.924554125132143,1
118.81704836437486,25.0751594069418,3
113.30312248487469,23.096824535592397,1
118.4458620599749,24.70857150433731,2
120.74250452776127,31.630187374521324,1
116.78347180749425,23.652115953215702,5
118.78498298988457,25.02454197849523,2
116.57669921646198,26.72958553346934,1
118.79365999229425,25.017958993018077,2
107.18689614588536,29.33275998278429,4
116.85377698525373,32.62527551283237,1
118.63614472625763,24.786136833709623,5
118.17881514551514,25.053085945146556,2
119.0713678168818,25.518671650816938,4
116.19515375822606,39.91152516671286,5
117.63603407350314,26.27121521934325,1
119.08987569512833,25.50083527762033,2
119.10992111308519,25.487527266859576,1
118.84761428730836,25.305250759915857,4
115.34106040483535,22.971421962924545,3
119.1019229601492,25.498158966903375,1
115.64854103842193,25.13003402732115,1
119.14174861627652,25.45598905175358,1
118.78800677606073,25.38222142962541,2
117.19213929627225,39.11480010845733,1
119.16403072512196,25.47623876913761,1
120.58733507975938,29.974851604890077,1
114.3674079035797,22.614262918090215,1
118.7309616975882,32.1444103180762,1
121.67785919392723,29.560110435492916,1
118.58481366299287,24.80791272974808,2
116.40573184095855,39.86131563206692,4
117.40515771575315,35.69382010056299,1
121.4681735950011,31.232641251482672,2
121.9095852920884,30.056505073575675,2
113.32568631685122,35.29372200752684,2
106.56571492153262,29.468370491710505,2
116.29311029103656,39.95047162613522,1
121.55695382995435,29.878111426106642,3
105.07249221517687,29.59194776168471,1
117.03286135936406,25.09208685029166,4
116.03755512938606,39.58374766884388,1
121.34195897593268,30.938416936819227,1
101.77240488175582,36.656293630836586,1
116.11982266663425,40.05678893095962,1
118.73016481077032,31.972592948847513,1
121.3207450421618,31.202969026328624,1
108.23471132557302,32.21554856896132,3
118.54878541374663,24.956923136643912,3
118.09042628505951,24.614798276881146,2
118.11064911835456,24.605380274238847,3
118.04981604890004,24.577214387007402,9
89.03916699996712,31.18669242120463,1
118.43830910724951,24.71210091093897,3
105.07433580757439,29.59138896204184,1
116.37851218033846,23.555740488275585,3
118.28446503616985,25.334329968066367,1
118.90410315131807,24.917095112178004,2
118.77462373074694,24.767150009351866,3
120.58752401033013,31.505420296824603,1
116.23620075053789,40.23579984337195,1
118.10654853336396,24.502879141670117,1
116.30171893239978,40.15283975521442,1
104.37463712374779,30.277215689751273,1
116.73850038791583,24.73010753217897,4
118.1674181638527,25.319151859989866,3
120.23824529428659,27.316739890859235,18
118.27076569748611,24.728915410710037,1
103.37062998068284,30.77413194303602,1
118.06970372440944,24.580653816048436,1
120.20428990179938,30.232618187567876,1
118.78932631335194,32.93089940168648,2
118.41405611611582,25.14457178997634,1
119.16491368605953,31.955091560478277,2
102.72621775614,28.942952232994323,1
113.27560612948544,23.073956319763067,3
119.46747895510613,25.62009618498126,7
126.69813494407066,45.71427910741435,1
116.65201586093221,39.88303978161165,1
115.12184188079698,29.307849926334047,1
130.3715069553477,42.87582563104668,1
114.45253654384906,28.112133306115535,1
115.66823072739697,25.741031674080116,1
116.49964472577474,29.796622106633205,1
116.62927849084696,39.83992554718495,1
120.28757009884897,31.691068564409502,1
119.5881980105163,26.74959506241452,5
118.37038625139039,27.125077501032354,1
118.1067290927714,24.586659094557884,4
118.4703627139376,24.770662068548926,1
117.5330125349392,25.012368307441893,1
116.82832529523952,40.44912012625671,1
116.10758916743498,25.100855173343017,2
113.21262709799886,23.398390146913066,3
103.69838788498663,30.56905051238362,1
116.40373050611288,39.829550266524414,19
118.17232964922688,24.523915565241357,1
116.40516186611246,39.861046047468655,1
120.22478652181833,27.342029187538532,1
116.30377299777889,39.99707842403099,8
120.47702513944265,27.594936082743246,2
120.24405760042586,27.307537238262206,1
117.23719244585159,24.882395170076265,2
105.26259316611473,30.587334388519558,1
115.41436105645872,28.719425395590203,1
116.30265433792732,39.97873143353412,1
116.26976018676295,40.22886012505389,2
116.39942016678434,39.89768501343951,1
117.9214115407018,25.060824253485794,1
118.43320304890193,24.71192701978652,2
118.47124260418434,24.71935496485879,5
118.78875856794177,25.020945372575483,1
116.57210574683386,40.64000749144503,1
101.8095690383313,36.605707645661155,2
114.99847084786114,27.199327430121354,6
116.72426163241943,39.96445469275141,11
118.79019757986607,32.07983002160872,1
117.42260791322175,25.313990917271262,1
113.85764764379806,22.749984236694736,1
103.96076855156304,30.79177846393213,1
116.43511162575639,25.053782269100765,1
117.02189304909085,25.091363586202025,1
116.42281078463645,40.00111295265103,1
121.07289256368533,28.918915213824228,1
121.32088697443238,31.203026862976127,1
119.76967225229328,26.551947070671048,5
118.62346990500767,24.72359745155298,1
118.55702271186063,30.587319388254627,1
104.4649018142023,29.206753323352046,2
116.30377102150676,39.997100464492405,1
113.36569718905137,28.325870411143693,1
116.33837087517348,39.916802115411635,1
116.62947017362819,23.662623192615886,1
118.18637312875138,26.173611034516153,2
118.30543373252958,25.14731039133344,2
118.54467113874176,24.96235775112901,1
118.26341773807802,25.274785108725503,1
118.8433850649688,25.110195021449037,1
118.53878197342137,24.85861800243396,3
118.42149857726353,24.63324520403906,1
119.4606299145781,25.46433039444004,7
118.73971110342484,32.03730900624802,4
118.22106407058536,24.712991945374032,1
105.977411319512,29.089919942109667,7
118.18275223890296,26.651263407768354,1
119.3534623367648,25.74751057176179,3
118.898371423183,25.14910147546504,3
117.08477301324473,40.15283403375312,4
114.54142046047107,22.65090190750906,1
110.70831599640756,24.7819451410398,1
116.45908696621535,39.91984308207286,3
118.85675337807221,24.96383987149448,1
113.70627040947853,23.724272915329166,1
117.85343999668406,25.698932641878844,1
116.14458284106688,39.60601893531395,4
121.42486889145106,31.02322388257406,1
118.25340836893639,25.506366014585723,3
118.40941820519309,24.737482976065582,1
103.84386064706962,30.050554537673044,1
118.25448732368407,25.506786196255614,1
103.22357296700245,35.597369301027534,1
118.47074584123749,24.788264570007758,4
118.43614481978503,24.714242238484594,1
121.51706899272307,31.246964898322737,1
117.74601685095324,25.19126056252471,3
116.40565782058454,39.861194547591296,2
120.22427915886647,27.33345212564484,1
114.50649911818716,30.88530952098682,2
116.56692394573618,25.809780017973257,1
113.26094479543139,23.128612280766564,1
118.57980426231813,24.92087313565962,1
118.55516742524017,24.723186929126577,3
118.26368480430605,24.977980785793072,3
121.41671227742046,31.16774875941624,1
118.45397753161046,25.041786836526658,2
117.54655125659781,25.0068208349585,2
119.9869574432137,26.689100112743805,1
117.79620778486512,24.628342086753705,1
121.20180193670498,30.908359415871498,2
117.65931833197517,24.076735900686376,1
118.12458956223709,26.57345343276589,2
118.99514740286031,26.92396520685528,1
120.87740450348348,31.56600282311352,2
120.21806602880875,27.32658710467833,1
116.36683054118785,39.91381116613209,1
119.54705777410611,27.060470943288504,1
119.73481503410946,26.788119943108825,1
110.91252850656778,21.653441032993726,1
113.4171283235499,23.185708619685013,3
121.32195020883398,31.20361225432351,1
118.04801286677588,24.570643639634834,1
118.10551880575821,24.579275082022082,1
118.55785156210308,24.72663041740042,2
118.00690711541591,24.594384655210224,1
118.11183489420361,24.60871599519976,1
118.04633304894736,24.556381813426697,2
117.38134496827895,23.581042489924013,1
117.39420376249727,27.57644213642028,1
118.86358723723711,27.37174919823424,1
117.30962156146947,28.847056473137208,1
118.92355838255509,25.137096599131908,1
106.58054873024453,29.50339115658423,12
118.1927436419344,24.988873826629284,1
116.69543854935937,26.860933171108048,1
121.36478051724423,31.660830096232306,1
115.15885772712056,22.81826604595726,1
112.95806501317374,28.240528991804542,2
118.07115583526583,24.64950582922787,1
119.6874273523711,26.969204873121264,1
116.07863004356663,26.259453019725857,4
116.3383400632945,39.742781324949746,2
118.43859135484065,24.632029563760742,5
118.6024831527072,24.574066429286685,1
117.78891282548209,26.413925114256106,1
116.36534600150206,39.85721608624302,1
113.30423361588369,23.139109655916585,1
118.53540398538277,24.75447329545172,1
116.68852864054833,23.35909171772515,2
103.83756738815836,30.13954639611498,1
120.54026477467589,31.37280972151575,1
103.26914418518474,30.689055544507898,2
113.10646292743985,23.320361610126547,2
116.78142458490247,39.82075067541669,1
114.66514192238624,25.641135156144014,1
102.77205730920004,30.06399731780069,1
118.69411354859452,25.355128972243868,2
117.94939267936175,24.533938040482,1
116.39801099493086,39.9406838945936,1
109.4019195462249,24.272276459184614,1
118.30109437793452,24.62823229424735,1
116.5688744520839,39.79329749005419,1
119.21051120812609,26.080555654827545,2
116.64151916104812,31.92717376707573,1
117.39764732683808,25.95052240746101,1
120.46048690273676,41.57177950085604,1
117.37144258732353,25.948143989823954,7
116.54743287210931,29.38536458988979,1
117.8074633732403,26.398717231207176,1
114.22944434679184,22.625176665428366,3
119.67117565824269,27.09596374365427,4
117.65585338796322,24.48710141931765,2
117.18016289175561,23.718557356027215,1
117.62044335256876,24.123461614811962,1
117.31121021476334,24.3749584667356,2
117.31927601010422,24.370219111334354,3
117.3174351404707,24.368813629953785,1
130.9835806196622,44.63425145644011,2
113.43104190809771,23.606770700211044,1
118.21821320821984,27.984188115305628,1
120.53940286212722,31.372448892381975,1
119.9997446592108,30.28355971904667,1
117.73613180729416,26.09805048714558,1
119.76721414574766,35.88198152011054,1
118.66092690916705,25.021958906071887,1
109.44740264062163,25.31302099058573,2
118.19242537229232,25.06175955338205,2
117.42640639806943,25.28213552523381,4
119.1466749236916,25.49714773200044,6
117.63397093523905,24.122682947476562,1
100.03737700624163,25.5651852889991,1
118.40071753692477,24.98094407445506,1
117.3958879505821,25.32089788614244,1
116.30217913431254,39.98014923238823,12
118.82861575459246,27.170357924567888,4
117.52774316464996,25.0124319138251,2
118.49065130319596,24.716678205623253,1
126.9177397395521,46.314646490803725,4
117.86205762109954,24.418383724667496,7
118.39793467628634,24.96900613927137,2
113.27143134445974,23.135336306695006,3
119.53949943154765,26.20872133168621,1
116.3048263508199,39.996793071955324,1
116.36231618115168,25.730916016918975,3
104.14968443458304,28.975852306355407,1
129.3710272686804,45.87011185745151,1
117.90625101827602,24.17643798581015,1
119.4602853245846,25.612818321103582,4
113.22558856853693,22.8806699249823,1
118.76119918371862,25.42824031607339,1
103.99508463051914,30.412651765462684,1
116.55805759611607,39.74447846224435,2
117.05560429893598,25.106124892646452,1
116.07785562981911,39.65844519750328,3
119.38774239365864,26.034775894073288,1
109.51855670139908,18.258736291747855,2
118.42496208398666,24.70553005093491,1
118.45538930854948,25.115370273042295,1
118.87818631871936,26.228467857235508,1
116.30250162599063,39.97873654775341,1
119.0571385677779,25.478014912884458,1
119.12049201300093,25.466020514318366,1
118.9086574704216,25.021724513901507,2
118.563856195452,24.771413239341445,1
118.95638300486215,25.12376829783525,2
118.17645350033018,24.969225769990985,1
118.4822119025936,24.96481743862015,2
118.80091704318475,25.03651448101075,1
118.63494360196063,24.68014513082413,1
118.64432083351508,27.165132701912572,1
113.29986675621596,23.23149520987284,1
119.35571331071095,25.996427454907913,1
120.55176462391113,31.659831650139733,2
121.72077717694106,29.66782389003961,1
114.64023999535237,22.63535334945671,2
117.02112384582689,32.64922554200798,1
103.91997640852438,30.57958741116282,2
121.48567698803248,31.84172395550108,1
117.91958798051715,25.37161714158272,5
121.45348378465755,31.22170453274403,1
120.65483529982049,31.13021795744379,4
119.99914000977203,30.2828096784318,1
119.56228414232577,26.5043923539605,2
116.45860879819239,39.918281873072225,1
118.20015933357793,25.053491759534438,2
117.62711479809751,24.13725808943505,1
116.0518074495225,27.29352430294942,1
107.68314787973286,30.78538930453738,1
117.685102305189,24.528402360660472,1
113.61053224215657,23.324676184938003,2
117.60602950168261,24.558867071476786,1
117.62333715393765,24.114974179150863,1
117.6384859983918,24.11440102420732,1
117.28841283787756,23.756993277963428,1
106.38905398033761,29.295610883423777,1
120.143769785189,27.811426402036165,2
117.32330706624836,24.373669448969732,6
118.63005223862986,25.122543869296702,1
118.78016063274198,40.05493458310323,1
117.78697374320889,24.75422087498855,1
118.52962563519175,25.0744121503778,8
110.31864401543712,32.714471051484956,1
118.8873634976368,25.264955125277893,2
118.2559888413435,25.499404185320156,1
117.42163810259349,25.29651609032447,1
119.55648045991936,26.495495660323886,2
117.04354293051858,25.10407762963451,1
119.80987304080142,26.383474956867076,1
114.13359407094225,22.54807136842758,1
120.53877054487874,31.37255842080304,2
117.91861673260007,24.372815883963092,1
118.94459229589482,24.888535693660597,1
115.50117312125322,26.511564248006362,1
113.8584397695965,23.507746746563022,1
118.86545732964717,25.0777424098276,1
118.58650355531768,27.115870247308962,1
116.95823283253628,24.65271516837809,2
113.88881174837049,22.600922815156856,1
118.86458345804736,25.02782089599776,1
117.77297203489059,24.45608706627168,1
121.38272929014745,30.739607482217156,1
117.81489658184127,24.45516663347581,1
106.57352398115883,29.484475416880105,8
118.75937436590624,25.42663303490067,4
118.47473207193669,25.120707080544754,5
118.69514174908089,25.37219050496348,1
119.207951935729,25.501941788033008,1
118.97975592608799,24.983518930177457,1
118.30877462055064,25.326493433072088,1
119.38028241555348,25.724784164616896,1
118.0900366001294,24.699127251021835,2
118.70429431442739,25.35544610055496,3
111.59026102716314,28.886514115563326,1
120.28101004320126,31.692975896389772,1
116.98551276964758,36.65569322855144,1
117.31730458883268,24.364993227930018,2
118.72236813145162,25.351209327495237,1
118.57084537163952,24.860572356830993,1
121.77483704016683,31.578386816056128,1
118.0649273441839,24.526368023834912,1
117.95147423288878,24.57452172891777,1
121.13900050019691,30.94849071873077,2
118.69820748612433,24.799947763098377,1
119.9988577621808,30.28196677244693,2
113.92283965090776,22.52927653692673,1
115.73059343147338,28.80826393907438,1
118.76221220284188,24.968785607355777,1
113.94337805892835,22.887011333739416,1
117.95620300292231,24.489937047011743,1
119.49570748710346,25.558517014095266,1
118.2949310068156,25.18903802895705,1
119.01831694771876,25.4281811712514,1
120.37104001802227,36.12857190577637,4
116.43287782499512,39.91899621537791,2
103.91304032219018,30.73348224440731,2
118.68488139337987,24.753179030086436,1
121.75849740192365,30.97716514532712,1
113.31346961688796,23.1371681770066,2
116.30446954387132,39.9965053695175,1
116.43254813132343,25.060557736699465,1
118.41402512457574,24.7025484329124,5
117.99967721670774,24.61161891571281,1
118.4212122872976,24.747652100269654,1
117.34356035210018,27.551862072087335,2
118.57855247359039,26.90760064522707,1
117.51833772630249,24.57739183618074,2
117.78661531931053,25.301894688926524,2
118.03459066881645,24.599045381068365,1
113.59612521839229,23.101371960974603,1
117.33688180995792,27.543327185477438,3
116.40122861989784,27.961227379718174,1
118.77132319296537,31.984579460317427,1
103.67934120308912,30.432051251672913,1
119.55101112682367,26.211554360359916,1
116.48311376402962,40.41536164696527,1
114.44616001201913,22.630510494109682,1
118.81783581898465,29.55857439780372,1
117.90591199777666,24.124399241334213,2
116.42676726587698,25.05719304483682,1
118.17705779044654,26.454450637288016,1
113.29146122173131,23.128340753565922,1
119.18619434747066,25.912992506464658,1
114.19268543065368,36.697668601453195,3
120.88591269727006,28.46514827709198,1
104.89415216132316,25.383989916384717,1
118.800257417449,25.357681974130934,1
113.64150195341666,23.861665745638003,1
119.08380135327185,26.878177351247942,1
116.30465845752008,39.997081533187426,1
116.22179669117703,40.09418650905174,1
118.23674614919007,25.496102407894533,1
118.27695421397286,25.334978376677295,4
113.73540182834364,22.800337798202307,1
118.70432108393156,25.014659589729675,2
118.4475966879141,24.794667157339664,1
118.94270594415504,25.16572570989222,1
118.04200159944078,25.238859456637122,2
117.14313987477223,36.734008446868735,1
105.57694583695421,30.64266232535192,1
119.55807477253795,26.2024739167754,2
118.70977927803895,25.360112319898228,1
116.35017800761321,23.31327131238118,3
121.1714315748709,38.8579485632844,1
103.93108305784975,30.57897724562304,1
114.2137784376863,22.658041718103934,1
120.54048523043619,31.372943811829703,1
114.54625614378668,36.27499293673311,1
112.59781881225399,28.18540320710798,1
116.30406045554209,39.99667229788189,3
114.14831451349883,22.577030140556957,1
104.03399832690589,30.82527825088641,2
118.63852685280818,24.798035985866445,1
104.42668260940157,31.248032245137313,1
118.30048613527391,25.327974202083116,1
119.36925797770554,30.18252786232979,1
103.82553566381883,30.42484390304254,1
118.05045959496717,24.609955368978166,1
121.66476802535145,31.192802734849508,2
119.20552345661413,25.493435774701283,1
113.8945217375122,28.353986340619254,1
119.46785812986175,25.604520648033727,1
121.49309160171184,30.922616472614315,1
118.30985923462303,26.497085015815117,1
116.46331448177585,40.70543059897632,1
113.56024716582726,23.266870200965275,2
105.46924582150172,28.980016168327634,1
117.99396605976884,25.48740044739143,1
117.31117041982925,24.369384284838695,1
106.6594859917707,35.22355076289732,2
118.53310836565278,25.078537999617694,1
120.0386313896915,26.89809981730985,1
116.42916601107947,25.06811686467952,2
117.81743465422831,26.392957754881845,1
121.01545169255989,30.898982607091245,2
116.55285800857393,25.93982905514438,1
116.26720181267052,39.92393249101223,2
117.37512060940237,25.943705646865553,2
116.41780548149082,39.92498773017272,2
116.9609811084126,24.648707607181436,2
116.16764710452722,39.778519311837506,1
118.6151349773361,24.832730024798582,1
116.39237763124721,39.85908526162691,1
121.10868143160744,31.157138906055184,1
121.1661339977869,31.115810917931235,1
118.21934615112865,26.196077767491175,1
118.23571103175126,26.70302598730039,2
119.45901224601627,25.61424739289689,1
116.11463628432787,25.109689197265144,1
116.23953740103836,24.873042720224557,1
121.2366799057576,31.237884972835733,5
124.00586868486602,47.3418015795363,2
108.37991854854725,30.80204307961371,4
117.443514087518,25.282940466871544,1
118.25831994414112,26.241952193599214,1
117.47909192638168,26.73819265141297,1
116.88373024814095,26.97062181585578,1
116.7592118095776,26.470734510627913,1
119.35013186908766,26.461838984762267,1
118.89128100796452,24.942638975390565,1
117.20601416385716,39.14621284081009,2
119.56226285248518,26.492420272775792,1
106.46350033080803,26.46107163648527,1
118.92243298541256,25.139650393953733,1
118.91956595354786,25.21626092675462,2
116.32177584867381,39.522570051769094,1
118.94727427682453,25.869576637179193,2
117.52192223477778,24.58576706586999,1
107.90710945693631,34.380977883096435,2
121.02544031084754,31.320169090126193,7
118.81053259519094,26.741974144816137,1
117.07552763717409,24.701972962722678,1
119.30373573697088,26.09244173379305,2
120.54069453562002,31.372972561936304,1
117.81641337069436,24.072817159304748,4
113.59075748364972,23.561631186893564,1
113.30845087383592,23.06169261364941,1
119.41478022170288,26.026214079684113,1
121.5367200545677,31.28957720985425,1
121.33766811266388,28.44721807158635,1
117.41506117467844,31.7960212614127,1
119.39177327014167,25.730105642882638,4
119.53273366394039,26.198345741553826,1
121.34549713184484,30.72067984621025,1
119.5599593276667,26.49423641457156,1
117.63605949554906,24.546981472376668,1
103.29028642296768,24.859493138064188,2
119.11271556186472,25.453485866156182,1
119.70440972820107,26.28601829277552,1
117.7886167439861,25.975020919580096,1
116.20796700835928,39.917644098152195,1
120.22532478647973,27.348847838016933,1
118.36798148754097,24.991774051444427,5
121.15061756671307,30.055047990767687,1
118.88676369904799,25.22839577426123,1
116.64005474340574,40.32121831334172,1
118.48479506991725,24.719416015953925,1
113.34660415459585,23.243166837376627,1
117.34904953774765,23.94264636890998,1
116.25099108126801,40.221040653884884,2
110.9451459796243,21.639310956037114,1
115.88129199598032,28.700055875904106,1
117.99483837819842,24.600839465553594,1
119.70609935103423,26.825690949586964,1
119.10773490696629,25.469867315118883,1
119.79264452926179,25.501986873303604,1
113.78113761608024,22.96592891228306,1
118.55004771264883,24.712530837089897,1
119.67010595604178,26.383303176499595,1
117.68886189340812,24.823411491816692,1
121.63531555208746,38.93550450686567,2
119.12879541104742,25.46296219717055,1
129.6088491705985,44.58459617429523,1
117.02335728707163,24.250922442885436,1
116.47363933581589,39.96411556158275,1
116.78725934868142,39.86165908434484,2
116.15672496715361,39.763684064862474,2
117.18255858271938,23.717053963784434,1
118.5659858083238,24.956083588618288,1
118.50617689698089,24.7723072069788,2
118.64644020570407,25.373682705972268,1
118.90973426923604,24.983159390379026,3
118.278907309812,25.5059137102655,1
118.32771602103612,25.20875470985909,1
119.39334943698897,25.93601926657172,2
121.35170684834365,31.161789309201385,1
118.63194137511672,24.819693177886943,1
116.28967210102532,25.564063315588516,1
117.31669095633902,24.37882149069895,3
113.27500300716623,23.434185005198387,1
114.28360697369334,30.57463633054015,1
117.61221181986134,24.568331991778944,1
118.53358383875904,25.075017696098364,1
119.77400019840836,26.343422108670133,2
119.24002801653178,39.87972419698584,1
115.9742308790712,40.46398568975255,2
119.38927454353595,25.7318962048216,1
118.14647866242204,24.729700313514456,1
117.36953611354033,25.976123543990013,1
117.32404475473291,25.96496827725602,1
104.46369019132669,30.249170330978114,1
116.43423532873172,23.323383942954607,1
112.255133274031,28.544237853313494,1
119.13339419537537,25.087762254072103,1
114.7201862362897,37.38390689617763,1
118.06519872227838,24.525872604802917,1
118.1422470146576,24.71872500441129,2
118.71427233270673,25.02272433025889,1
118.49622537871409,24.84694540422462,1
118.41097735364251,24.700406655813,4
118.61193458429675,24.774145975991875,1
113.13207110226544,29.37390710382115,1
120.6289012028117,27.75786845471937,1
121.43578104790483,49.09624467158323,2
116.79459832503684,39.71546113344583,1
117.6178252411608,26.24259276859637,1
117.36976778653127,25.984381567258264,1
117.79856107580882,26.40281344434632,1
117.39001316729461,24.01322847709306,1
121.40389300864031,31.629179910302707,1
118.73150292665797,32.145041185695995,1
117.7902650447658,24.46218627272387,1
118.58029868967066,24.683922992056072,1
118.33640577938402,25.156385494322603,1
113.85399890647884,23.543588230991524,1
118.45019395863424,24.988244024439894,1
119.9997349575113,30.282786756101427,1
117.91823198835027,24.252423993183484,1
113.02069460381706,23.354131638982178,1
117.426556325259,25.295743499251625,1
121.48909099812316,31.250060857417097,1
120.0306052096236,26.89702178152622,2
118.45290648195129,24.962495243217063,1
114.37461105613963,23.40139111430799,1
119.48211190270608,29.4976349186378,1
118.10621705863089,24.73565633676242,1
118.86334729983547,25.250873477094697,1
119.69314111439598,26.813871868404338,1
103.83147490052859,36.0631814753695,1
118.26520527621173,24.975368145071297,2
116.48274563843164,39.91073271047116,1
117.27903704361191,23.787317387626697,1
117.45388188055799,24.60763203309219,1
117.3262235049161,24.373597694765618,1
116.55105546873821,26.18747220554274,1
120.54947794880596,30.405669879095935,1
113.82142554022285,23.29622392772383,1
113.24099396904467,23.161243257662818,1
113.19038631120685,23.420534477533735,1
117.60438766870257,24.55557995027415,1
115.73147127093539,39.521312491600554,3
112.99346965873514,28.229528381764283,1
117.61665061687633,24.55231229815239,1
120.22068315208065,27.33119482925575,1
121.33698433967952,31.790014687099504,1
119.9295730584414,28.473278180563412,1
106.65871711976376,29.031037305231816,1
116.26750391281354,39.92434603868725,3
118.51865669610469,24.7430357572513,2
116.29606930938643,39.979692416204855,16
117.66910806541968,24.244630892255714,1
118.96791024082347,26.50842221023268,1
116.42681420054325,25.0576945566181,1
118.71375553754699,25.019762223997425,1
118.9389628847573,25.020985973013914,1
117.22367447505026,24.91002169466527,1
113.80968021036689,34.38075034220832,1
118.1134423993369,24.593814149540847,2
118.18845055007307,26.643807791057217,1
117.62230959820768,39.045990645529315,1
118.60500065389807,24.673993515444245,2
116.30452478966019,39.996504540402086,3
116.5699979471903,23.658193760423032,1
113.1684089075903,29.367701119830908,1
121.42876349498955,31.195586414037205,1
118.29100200536381,24.903856032585026,1
118.41709247856909,25.148118688389594,2
122.27206378231945,40.69129966449001,1
116.24047273222112,40.210794094463346,1
115.12750479873002,23.566598624292425,1
117.51802367869631,26.72502055685347,1
119.66711028682809,27.10434762155313,1
119.33547475706949,26.081232903449973,1
118.56455543646075,24.73670719117913,2
119.99945619771697,30.283188665603014,1
116.36632623247456,39.76479555145762,1
113.4157579584949,23.226759467919678,1
120.70647689035565,28.00108540447221,2
117.4341515881739,25.286270033633752,1
114.0992313699415,22.552244521617755,1
120.53904937890904,31.372252419191,1
116.66877096547377,40.18530308323021,1
118.40946963767504,24.70037604348582,3
118.46953717117421,25.142685699677607,2
118.48319994882371,25.129937033789236,1
118.43283420465966,24.813404968657178,5
118.49451787960128,25.015620212725228,2
118.61702204772028,24.743119686341217,1
114.35559015561654,22.694635632571377,1
113.77493814026629,22.7286432990472,1
118.54151776285111,24.876069287753996,2
103.981720180125,30.576703120608023,1
109.68544659390419,18.481369720333074,1
119.60302319549531,26.71496467756606,1
118.78850308985483,24.99974894448783,1
115.25742197873738,37.95442201429988,1
111.39501468395613,26.13376997456608,1
118.6031372089488,24.893222026508187,1
114.42142939184595,23.09175328165827,1
117.99589544034252,24.611453588667796,1
118.52716436792578,25.07969913897092,1
118.67875000912353,24.94172200675754,2
121.48315050378567,31.238178524853186,1
118.57730850012058,24.701455020839315,1
116.38788098335591,40.00002611663855,1
103.79537514615186,30.385568654537078,1
118.80374904113458,24.90355352999173,1
117.8739361843457,24.829504720723,1
116.37721719864697,40.90994250144857,7
120.45154542230495,27.349686843338468,1
118.25299793314902,24.891923162515862,1
121.19116840777026,29.844970642390845,1
119.095260407845,25.422125891448758,1
119.5149853030023,25.965829810888096,1
120.22345190932259,27.33052497252825,2
118.53086484764235,24.81714052788543,1
119.01974776873459,29.600172676283037,1
118.73972195660986,24.753627598722346,1
120.48788044288274,27.45677786048558,1
118.02367311280454,27.071771586577828,1
121.37207772239343,31.257629097567843,1
108.82297520964856,23.22344922114102,1
117.3382228902533,24.75561553873549,2
121.66728534688205,31.23946125068072,1
116.617487586604,25.220565802133223,1
118.51249369149441,24.860378267001007,1
118.60945166786799,24.900838674949185,1
118.41532856587028,24.652161633321192,1
119.04839230601344,29.61495036603392,1
117.99412739543837,26.554510158836596,1
118.31146073368568,27.028955089428838,2
118.71840588550951,27.342476113416623,2
117.81651928091397,26.799104367214422,2
118.54685989588663,27.92993193909922,1
118.86450656309573,27.361420532801795,1
121.28195558142708,30.717435008880653,1
120.67333498654257,27.734478567350877,1
114.90757141821284,30.212250832586538,1
121.51807552681755,29.836106174910867,1
114.07054793603409,22.53379076054635,1
107.00242094732666,35.43730923199084,1
118.06033143353527,24.409433709824704,1
117.63179317319194,24.120749697934194,1
121.44860526709397,31.093433802408267,1
121.42564339326285,28.52630481542165,1
114.13053183729029,22.557085906907695,1
119.3510373610414,26.09908405020173,1
118.08262099831643,24.579112997820683,1
117.6443083655528,24.5252231656462,1
121.15599841671782,41.11642622762363,1
103.51759653499838,30.199129331676453,1
118.23279073036984,26.237706501601476,1
118.22656700030711,26.19207199025283,1
118.52915573157964,25.064332695530737,1
118.13255384905537,27.345162523936747,1
117.47221000787202,26.728672940162664,1
113.44255450167923,23.16840128680869,2
117.79346669543287,26.39829774777538,1
118.18637528468462,26.65313310758178,1
118.5703172578304,24.881715565848147,1
121.2375391349779,31.036238474183556,1
118.58739548285823,25.41513824631198,1
118.47498440595436,25.121241075486495,2
120.57783576848615,27.955410203722195,1
118.8579532447415,25.013353670542546,1
123.7907901910717,41.29534037061008,1
114.29693174532628,22.482671676433892,3
118.45206072731392,24.76455886110049,1
117.01877503066676,24.85075035276114,1
117.18536149136892,39.10529276893361,1
118.464143779928,24.71396004697834,2
116.82638062779189,24.800346712551814,1
113.27690292331921,26.41171462879137,1
117.52894410928586,25.015213371191205,2
119.34564204831972,25.720041534771667,1
114.83357043256832,25.772576067785778,1
121.33297681913841,31.23457941935683,1
119.11127791372702,25.279505929902264,1
99.80645922073684,23.468624724084684,1
104.6889760388427,28.200629367088663,1
104.32534629194032,30.54509259409915,3
119.10918324493956,25.465382195952007,1
116.13765850708273,23.505637936267167,1
118.79943681536591,25.364487454439857,1
119.46916741014212,25.613004439440154,1
118.54046081658842,25.103198444359403,1
118.54491937632461,27.92922236968139,1
119.99913497926117,30.282854665438602,1
120.20314743685181,30.253411557012875,2
107.2491462922814,26.560103765907,1
119.99901631310331,30.282594800864064,1
113.40169013489107,23.429183420208297,2
119.59458397455407,26.474086990565787,2
108.16207980888225,24.23987343023711,1
120.25231635179021,27.31102312027546,2
118.46123341470381,24.708429777773365,1
123.41981274258019,41.83192691204604,1
117.75793026845318,24.492645598083783,1
113.97802785836998,22.61440545790909,1
120.35361855045342,36.08834381890035,1
117.44177119516812,25.294309210743815,1
119.69031720119575,26.970150201230094,2
121.45541020082369,31.164087463900294,1
116.31985787657946,40.09003823231406,2
118.47507504498029,24.81487193476208,2
119.26040444359204,26.01606001567055,1
113.55577899422211,26.901517341080606,1
112.99318902809394,28.229488599368153,1
118.61526289604068,24.827556183032655,1
119.79262045467414,28.347716620540776,1
118.48547293125485,24.719268639871526,4
121.49100169394288,31.237407553243195,1
114.80239581782146,24.828411372470725,1
107.52778549262942,32.141866242735496,1
118.63443767629758,24.676070903016292,2
118.55622805455543,24.979587598295847,1
118.68229301588427,24.768719321728994,1
118.50212706625159,25.274470217342884,1
118.59694303313735,24.840785002535934,2
118.32850455361252,27.03990724169869,1
119.8011111485211,25.513398358829306,2
116.40574707224948,39.861580284160134,1
119.6822125092263,26.96940128050709,1
116.51152069951056,39.86318344877862,1
117.53736581326966,25.011244098005502,1
116.66695486122424,40.13634821107583,1
121.1900637786061,31.39969475630849,1
118.8697280537013,25.11611564086576,1
118.19480435477361,26.175142609439465,1
117.92011115364599,24.794071042189554,1
117.63463127961921,24.556990910437968,1
117.80231734029755,26.404867563212143,1
117.81372842535649,26.440993575091927,1
116.63466895272069,40.33937802954633,1
118.08646305098135,24.633318286598232,2
119.6638454852837,27.08760930433184,1
119.68952017963227,26.971713669703757,1
118.14696599316103,26.178364492243723,1
117.80597640813014,26.41014503354088,1
116.62723788443664,26.869475906876744,1
113.80794306587389,22.729396367513495,1
105.99046199178721,26.339710198475373,1
113.29934349325657,28.217205863808452,1
118.72865197446096,31.990547891310257,1
116.47050505806102,39.96329910981892,1
117.60632389233541,34.04217878388235,1
119.76309378138477,26.362108692960568,1
116.64339884970856,27.576240966559514,1
118.08864144184233,27.448456640844643,1
116.30223599705133,39.97952330359347,1
116.30406011913566,39.99721371430874,1
117.84923682520426,24.514652823503493,1
118.88369914616094,31.73989119537875,1
117.86195629223805,24.070173445773573,1
119.47781395999502,25.90720817211424,1
117.37267380485508,25.615195237938803,1
120.36555342061025,27.667043573586962,1
118.57760871382192,26.909499908467595,1
118.54296151946626,27.935411255432086,1
118.5680445448909,24.901880001962738,1
106.58314619292176,38.16560462398053,1
121.21250919940061,31.01287936201883,1
118.32589138288486,27.039879247269567,1
118.86957650956182,26.226847540201835,1
118.33079936486756,27.042929954976927,1
119.65440636047963,27.094323508059915,1
120.27116030294546,30.50383128003527,1
117.6578513092473,24.498737834376612,1
117.59346975336845,24.572765916073767,1
117.63080377950357,24.537642217365136,2
117.31463293841634,25.063464268210076,1
118.5581307554555,24.92886258659011,2
117.76558607715944,24.608209339483203,1
117.62203353298199,24.59960350732518,2
117.63033899623285,24.55985904091937,1
117.73663325740998,35.41638466708277,1
117.37372643925134,25.33345834199181,1
118.4459518932208,24.681992353786185,1
117.72709170979748,25.820437796579665,1
118.00541361603146,24.600919591107072,1
118.47261790991966,24.753150235664894,1
119.49040345878117,42.58415082241013,1
121.52250005800585,31.3072771474516,1
106.73915930018912,28.836170061631528,1
108.88839297399029,34.24308904899304,1
116.47096380712274,25.475034000001447,1
117.38498032084607,25.981403962325086,1
117.938781176037,24.561225666514037,1
121.49681822211998,31.239732181614716,1
119.65476720980286,27.0868631851101,1
104.16929795874948,30.83139084280897,1
104.6227674310361,30.392394756108352,1
118.53086978832266,24.86778977168571,1
121.30530757214228,31.29672075092769,1
121.88971116363345,29.895973395290188,2
118.12391924666576,26.57637856183858,1
117.48327659276798,26.7222243981008,1
